"No.","Kode Wilayah","Nama Wilayah","Propinsi","Persentase Anggaran Pendidikan tanpa Transfer Daerah (%)","UN SMP","UN SMA IPA","UN SMA IPS","UN SMA BAHASA","UN SMK","IIUN SMP","IIUN SMA IPA","IIUN SMA IPS","IIUN SMA BAHASA","IIUN SMK"
"1","010000","Prov. D.K.I. Jakarta","Prov. D.K.I. Jakarta","18.96","62.17","67.99","63.75","0","51.41","100","100","100","0","100"
"2","010100","Kab. Kepulauan Seribu","Prov. D.K.I. Jakarta","0.00","45.26","0","0","0","0","100","0","0","0","0"
"3","016000","Kota Jakarta Pusat","Prov. D.K.I. Jakarta","0.00","60.97","69.43","64.01","0","55.13","100","100","100","0","100"
"4","016100","Kota Jakarta Utara","Prov. D.K.I. Jakarta","0.00","60.09","66.59","61.53","0","48.85","100","100","100","0","100"
"5","016200","Kota Jakarta Barat","Prov. D.K.I. Jakarta","0.00","60.42","69.31","63.85","0","49.65","100","100","100","0","100"
"6","016300","Kota Jakarta Selatan","Prov. D.K.I. Jakarta","0.00","64.13","68.94","65.22","0","53.09","100","100","100","0","100"
"7","016400","Kota Jakarta Timur","Prov. D.K.I. Jakarta","0.00","63.7","66.61","63.62","0","51.21","100","100","100","0","100"
"8","020000","Prov. Jawa Barat","Prov. Jawa Barat","13.61","53.57","54.43","48.57","0","45.84","95.98","100","100","0","100"
"9","020500","Kab. Bogor","Prov. Jawa Barat","11.29","50","53.62","48.84","0","44.59","100","100","100","0","100"
"10","020600","Kab. Sukabumi","Prov. Jawa Barat","17.08","60.25","50.35","44.83","0","43.81","89.73","100","100","0","100"
"11","020700","Kab. Cianjur","Prov. Jawa Barat","12.97","51.81","49.01","41.18","0","45.03","83.21","100","100","0","100"
"12","020800","Kab. Bandung","Prov. Jawa Barat","11.09","54.13","51.43","45.64","0","46.61","94.97","100","100","0","100"
"13","021000","Kab. Sumedang","Prov. Jawa Barat","16.61","50.92","53.4","48.63","0","45.6","94.25","100","100","0","100"
"14","021100","Kab. Garut","Prov. Jawa Barat","19.20","46.42","48.33","43.91","0","44","90.16","100","100","0","100"
"15","021200","Kab. Tasikmalaya","Prov. Jawa Barat","23.43","53.54","49.33","45.18","0","47.98","96.94","100","100","0","100"
"16","021400","Kab. Ciamis","Prov. Jawa Barat","15.09","50.3","51.4","47.54","0","47.05","100","100","100","0","100"
"17","021500","Kab. Kuningan","Prov. Jawa Barat","13.41","49.79","53.17","49.13","0","46.94","100","100","100","0","100"
"18","021600","Kab. Majalengka","Prov. Jawa Barat","0.00","48.69","51.27","46.07","0","46.45","100","100","100","0","100"
"19","021700","Kab. Cirebon","Prov. Jawa Barat","6.12","46.97","50.39","45.39","0","43.99","99.93","100","100","0","100"
"20","021800","Kab. Indramayu","Prov. Jawa Barat","14.19","45.97","48.95","43.72","0","42.74","100","100","100","0","100"
"21","021900","Kab. Subang","Prov. Jawa Barat","23.92","47.85","50.29","46","0","43.04","93.15","100","100","0","100"
"22","022000","Kab. Purwakarta","Prov. Jawa Barat","14.07","47.06","50.43","46.01","0","43.58","95.76","100","100","0","100"
"23","022100","Kab. Karawang","Prov. Jawa Barat","16.63","66.68","48.52","43.34","0","43.36","86.25","100","100","0","100"
"24","022200","Kab. Bekasi","Prov. Jawa Barat","25.25","49.28","51.59","47.67","0","42.76","100","100","100","0","100"
"25","022300","Kab. Bandung Barat","Prov. Jawa Barat","12.59","61.03","50.59","46.24","0","45.21","90.36","100","100","0","100"
"26","022500","Kab. Pangandaran","Prov. Jawa Barat","13.21","47.94","47.95","44.03","0","44.46","100","100","100","0","100"
"27","026000","Kota Bandung","Prov. Jawa Barat","24.08","59.7","63.82","56.14","0","51.55","100","100","100","0","100"
"28","026100","Kota Bogor","Prov. Jawa Barat","15.90","61.07","64.45","57.4","0","48.99","100","100","100","0","100"
"29","026200","Kota Sukabumi","Prov. Jawa Barat","9.74","53.74","56.18","50.03","0","48.5","100","100","100","0","100"
"30","026300","Kota Cirebon","Prov. Jawa Barat","16.39","56.94","60.32","52.86","0","47.19","100","100","100","0","100"
"31","026500","Kota Bekasi","Prov. Jawa Barat","16.77","59.19","62.92","58.25","0","47.76","100","100","100","0","100"
"32","026600","Kota Depok","Prov. Jawa Barat","18.17","58.63","63.22","57.56","0","48.35","100","100","100","0","100"
"33","026700","Kota Cimahi","Prov. Jawa Barat","13.12","61.67","62.32","54.64","0","51.42","100","100","100","0","100"
"34","026800","Kota Tasikmalaya","Prov. Jawa Barat","16.35","54.04","55.15","52.03","0","47.18","97.81","100","100","0","100"
"35","026900","Kota Banjar","Prov. Jawa Barat","12.28","48.97","53.96","50.72","0","46.92","100","100","100","0","100"
"36","030000","Prov. Jawa Tengah","Prov. Jawa Tengah","19.30","57.74","61.09","56.3","0","50.9","98.43","100","100","0","100"
"37","030100","Kab. Cilacap","Prov. Jawa Tengah","16.07","56.34","60.88","55.62","0","51.21","99.3","100","100","0","100"
"38","030200","Kab. Banyumas","Prov. Jawa Tengah","15.55","58.76","64.62","59.83","0","52.89","97.83","100","100","0","100"
"39","030300","Kab. Purbalingga","Prov. Jawa Tengah","16.11","59.09","62.03","57.99","0","53.68","100","100","100","0","100"
"40","030400","Kab. Banjarnegara","Prov. Jawa Tengah","17.77","54.76","60.34","55.2","0","51.44","96.85","100","100","0","100"
"41","030500","Kab. Kebumen","Prov. Jawa Tengah","12.07","61.14","66.44","61.67","0","54.09","100","100","100","0","100"
"42","030600","Kab. Purworejo","Prov. Jawa Tengah","14.21","63.06","66.52","61.79","0","53.47","100","100","100","0","100"
"43","030700","Kab. Wonosobo","Prov. Jawa Tengah","17.88","59.27","61.51","56.19","0","52.98","100","100","100","0","100"
"44","030800","Kab. Magelang","Prov. Jawa Tengah","18.57","63.85","67.54","60.69","0","52.26","100","100","100","0","100"
"45","030900","Kab. Boyolali","Prov. Jawa Tengah","16.30","59.49","60.49","55.53","0","50.33","100","100","100","0","100"
"46","031000","Kab. Klaten","Prov. Jawa Tengah","22.04","59.89","62.37","57.04","0","50.88","100","100","100","0","100"
"47","031100","Kab. Sukoharjo","Prov. Jawa Tengah","16.28","60.06","62.05","61.62","0","50.22","100","100","100","0","100"
"48","031200","Kab. Wonogiri","Prov. Jawa Tengah","24.08","57.15","61.34","55.39","0","51.72","94.73","100","100","0","100"
"49","031300","Kab. Karanganyar","Prov. Jawa Tengah","17.28","59.89","61.64","58.61","0","49.32","100","100","100","0","100"
"50","031400","Kab. Sragen","Prov. Jawa Tengah","11.88","56.17","60.72","55.2","0","47.73","100","100","100","0","100"
"51","031500","Kab. Grobogan","Prov. Jawa Tengah","16.00","50.87","52.98","47.54","0","46.2","100","100","100","0","100"
"52","031600","Kab. Blora","Prov. Jawa Tengah","20.27","56.24","57.84","54.97","0","48.24","100","100","100","0","100"
"53","031700","Kab. Rembang","Prov. Jawa Tengah","11.85","57.26","60.48","53.15","0","48.47","100","100","100","0","100"
"54","031800","Kab. Pati","Prov. Jawa Tengah","19.56","59.47","60.3","52.84","0","51.2","100","100","100","0","100"
"55","031900","Kab. Kudus","Prov. Jawa Tengah","0.09","60.04","64.37","56.21","0","51.47","100","100","100","0","100"
"56","032000","Kab. Jepara","Prov. Jawa Tengah","15.39","57.41","57.33","54.32","0","50.93","96.54","100","100","0","100"
"57","032100","Kab. Demak","Prov. Jawa Tengah","15.48","51.87","52.23","47.57","0","46.8","100","100","100","0","100"
"58","032200","Kab. Semarang","Prov. Jawa Tengah","17.77","59.19","60.66","57.8","0","51.62","96.19","100","100","0","100"
"59","032300","Kab. Temanggung","Prov. Jawa Tengah","14.27","61.18","64.62","59.13","0","54.96","97.59","100","100","0","100"
"60","032400","Kab. Kendal","Prov. Jawa Tengah","17.92","54.04","56.11","51.98","0","48.67","96.78","100","100","0","100"
"61","032500","Kab. Batang","Prov. Jawa Tengah","11.25","54.51","56.75","52.53","0","49.99","100","100","100","0","100"
"62","032600","Kab. Pekalongan","Prov. Jawa Tengah","9.90","56.24","58.84","53.98","0","52","97.95","100","100","0","100"
"63","032700","Kab. Pemalang","Prov. Jawa Tengah","16.18","51.3","55.37","52.63","0","48.27","95.5","100","100","0","100"
"64","032800","Kab. Tegal","Prov. Jawa Tengah","14.15","52.46","55.96","52.49","0","48.96","90.14","100","100","0","100"
"65","032900","Kab. Brebes","Prov. Jawa Tengah","15.52","48.31","52.31","47.82","0","45.49","94.42","100","100","0","100"
"66","036000","Kota Magelang","Prov. Jawa Tengah","15.49","70.45","71.91","69.4","0","60.84","100","100","100","0","100"
"67","036100","Kota Surakarta","Prov. Jawa Tengah","18.74","64.8","69.45","62.34","0","54.43","100","100","100","0","100"
"68","036200","Kota Salatiga","Prov. Jawa Tengah","11.66","69.79","71.09","65.17","0","56.6","100","100","100","0","100"
"69","036300","Kota Semarang","Prov. Jawa Tengah","13.54","63.2","65.88","61.04","0","52.8","100","100","100","0","100"
"70","036400","Kota Pekalongan","Prov. Jawa Tengah","18.04","60.68","67.69","60.29","0","52.89","100","100","100","0","100"
"71","036500","Kota Tegal","Prov. Jawa Tengah","19.16","59.94","62.61","60.84","0","48.71","100","100","100","0","100"
"72","040000","Prov. D.I. Yogyakarta","Prov. D.I. Yogyakarta","15.04","65.78","66.91","61.79","0","55.33","100","100","100","0","100"
"73","040100","Kab. Bantul","Prov. D.I. Yogyakarta","12.92","65.76","64.41","62.01","0","52.93","100","100","100","0","100"
"74","040200","Kab. Sleman","Prov. D.I. Yogyakarta","13.06","67.44","65.52","64.52","0","55.14","100","100","100","0","100"
"75","040300","Kab. Gunung Kidul","Prov. D.I. Yogyakarta","10.60","58.72","62.09","57.38","0","54.54","100","100","100","0","100"
"76","040400","Kab. Kulon Progo","Prov. D.I. Yogyakarta","14.35","63.31","63.57","58.41","0","55.69","100","100","100","0","100"
"77","046000","Kota Yogyakarta","Prov. D.I. Yogyakarta","28.18","72.49","71.4","62.53","0","58.86","100","100","100","0","100"
"78","050000","Prov. Jawa Timur","Prov. Jawa Timur","16.21","56.21","57.98","51.38","0","48.56","100","100","100","0","100"
"79","050100","Kab. Gresik","Prov. Jawa Timur","0.40","59.01","58.57","51.35","0","47.81","100","100","100","0","100"
"80","050200","Kab. Sidoarjo","Prov. Jawa Timur","13.12","60.33","61.42","55.75","0","51.06","100","100","100","0","100"
"81","050300","Kab. Mojokerto","Prov. Jawa Timur","12.50","54.65","58.79","52.67","0","47.74","100","100","100","0","100"
"82","050400","Kab. Jombang","Prov. Jawa Timur","17.20","58.02","59.52","54.41","0","49.41","100","100","100","0","100"
"83","050500","Kab. Bojonegoro","Prov. Jawa Timur","10.45","54.87","55.03","50.26","0","49.28","100","100","100","0","100"
"84","050600","Kab. Tuban","Prov. Jawa Timur","13.47","57.37","57.89","51.34","0","48.59","100","100","100","0","100"
"85","050700","Kab. Lamongan","Prov. Jawa Timur","9.10","60.08","52.71","46.18","0","46.22","100","100","100","0","100"
"86","050800","Kab. Madiun","Prov. Jawa Timur","0.00","55.74","57.63","52.82","0","49.57","100","100","100","0","100"
"87","050900","Kab. Ngawi","Prov. Jawa Timur","8.02","54.04","57.02","50.12","0","49.12","100","100","100","0","100"
"88","051000","Kab. Magetan","Prov. Jawa Timur","13.56","57.08","58.91","53.07","0","50.78","100","100","100","0","100"
"89","051100","Kab. Ponorogo","Prov. Jawa Timur","8.82","57.99","57.57","51.65","0","50.39","100","100","100","0","100"
"90","051200","Kab. Pacitan","Prov. Jawa Timur","5.78","55.67","58.51","50.98","0","50.91","100","100","100","0","100"
"91","051300","Kab. Kediri","Prov. Jawa Timur","17.75","55.79","55.48","52.99","0","48.59","100","100","100","0","100"
"92","051400","Kab. Nganjuk","Prov. Jawa Timur","20.10","55.65","55.26","50.81","0","47.06","100","100","100","0","100"
"93","051500","Kab. Blitar","Prov. Jawa Timur","19.08","55.23","59.44","55.03","0","50.16","100","100","100","0","100"
"94","051600","Kab. Tulungagung","Prov. Jawa Timur","12.97","61.03","61.21","54.32","0","52.41","100","100","100","0","100"
"95","051700","Kab. Trenggalek","Prov. Jawa Timur","12.61","56.36","59.53","52.48","0","50.99","100","100","100","0","100"
"96","051800","Kab. Malang","Prov. Jawa Timur","15.96","56","57.49","53.15","0","49.92","100","100","100","0","100"
"97","051900","Kab. Pasuruan","Prov. Jawa Timur","11.54","56.16","56.48","49.79","0","48.14","100","100","100","0","100"
"98","052000","Kab. Probolinggo","Prov. Jawa Timur","10.51","48.7","50.28","43.4","0","44.04","100","100","100","0","100"
"99","052100","Kab. Lumajang","Prov. Jawa Timur","13.96","51.55","56.7","50.16","0","47.75","100","100","100","0","100"
"100","052200","Kab. Bondowoso","Prov. Jawa Timur","10.18","47.66","52.01","42.93","0","43.69","100","100","100","0","100"
"101","052300","Kab. Situbondo","Prov. Jawa Timur","9.63","49.47","51.58","47.79","0","42.85","100","100","100","0","100"
"102","052400","Kab. Jember","Prov. Jawa Timur","18.84","50.53","55.59","48.54","0","45.59","100","100","100","0","100"
"103","052500","Kab. Banyuwangi","Prov. Jawa Timur","22.04","54.93","57.07","50.27","0","46.33","100","100","100","0","100"
"104","052600","Kab. Pamekasan","Prov. Jawa Timur","15.05","46.63","47.89","39.54","0","40.29","100","100","100","0","100"
"105","052700","Kab. Sampang","Prov. Jawa Timur","10.90","46.54","44.4","38.4","0","38.16","100","100","100","0","100"
"106","052800","Kab. Sumenep","Prov. Jawa Timur","6.34","47.83","46.29","41.14","0","42.25","100","100","100","0","100"
"107","052900","Kab. Bangkalan","Prov. Jawa Timur","11.37","48.36","49.28","42.57","0","41.24","100","100","100","0","100"
"108","056000","Kota Surabaya","Prov. Jawa Timur","19.09","62.46","63.51","58.62","0","49.14","100","100","100","0","100"
"109","056100","Kota Malang","Prov. Jawa Timur","15.50","65.41","68.49","64.3","0","54.09","100","100","100","0","100"
"110","056200","Kota Madiun","Prov. Jawa Timur","17.74","63.84","64.06","58.49","0","53.2","100","100","100","0","100"
"111","056300","Kota Kediri","Prov. Jawa Timur","9.84","61.64","64.66","55.44","0","51.47","100","100","100","0","100"
"112","056400","Kota Mojokerto","Prov. Jawa Timur","10.87","61.36","60.56","55.53","0","48.61","100","100","100","0","100"
"113","056500","Kota Blitar","Prov. Jawa Timur","11.59","62.09","62.47","55.73","0","51.89","100","100","100","0","100"
"114","056600","Kota Pasuruan","Prov. Jawa Timur","9.34","57.42","59.86","53.25","0","48.82","100","100","100","0","100"
"115","056700","Kota Probolinggo","Prov. Jawa Timur","8.62","59.59","63.15","55.81","0","49.2","100","100","100","0","100"
"116","056800","Kota Batu","Prov. Jawa Timur","12.01","60.56","63.45","59.74","0","51.74","100","100","100","0","100"
"117","060000","Prov. Aceh","Prov. Aceh","13.05","44.23","43.11","39.22","0","41.16","100","100","100","0","100"
"118","060100","Kab. Aceh Besar","Prov. Aceh","9.79","42.87","44.3","38.11","0","42.06","100","100","100","0","100"
"119","060200","Kab. Pidie","Prov. Aceh","9.79","41.04","41.07","37.5","0","39.31","100","100","100","0","100"
"120","060300","Kab. Aceh Utara","Prov. Aceh","9.64","44.05","40.72","38.43","0","40.43","100","100","100","0","100"
"121","060400","Kab. Aceh Timur","Prov. Aceh","10.49","42.88","39.89","37.6","0","38.42","100","100","100","0","100"
"122","060500","Kab. Aceh Tengah","Prov. Aceh","4.69","51.34","45.13","42.7","0","43.4","100","100","100","0","100"
"123","060600","Kab. Aceh Barat","Prov. Aceh","11.88","41.27","41.51","37.9","0","39.3","100","100","100","0","100"
"124","060700","Kab. Aceh Selatan","Prov. Aceh","9.63","44.99","46.36","40.09","0","40.68","100","100","100","0","100"
"125","060800","Kab. Aceh Tenggara","Prov. Aceh","8.06","42.44","41.86","38.83","0","37.19","100","100","100","0","100"
"126","061100","Kab. Simeulue","Prov. Aceh","5.16","43.58","41.26","38.95","0","41.57","100","100","100","0","100"
"127","061200","Kab. Bireuen","Prov. Aceh","10.13","42.4","42.13","37.6","0","40.54","100","100","100","0","100"
"128","061300","Kab. Aceh Singkil","Prov. Aceh","12.84","43.35","43.34","40.22","0","40.72","100","100","100","0","100"
"129","061400","Kab. Aceh Tamiang","Prov. Aceh","8.49","45.01","44.19","41.45","0","43.04","100","100","100","0","100"
"130","061500","Kab. Nagan Raya","Prov. Aceh","13.06","42.13","39.57","37.38","0","39.51","100","100","100","0","100"
"131","061600","Kab. Aceh Jaya","Prov. Aceh","12.66","45.69","43.38","40.47","0","40.81","100","100","100","0","100"
"132","061700","Kab. Aceh Barat Daya","Prov. Aceh","11.57","43.24","41.57","37.02","0","38.68","100","100","100","0","100"
"133","061800","Kab. Gayo Lues","Prov. Aceh","10.18","43.79","39.85","37.84","0","38.17","100","100","100","0","100"
"134","061900","Kab. Bener Meriah","Prov. Aceh","9.59","44.72","41.87","40.74","0","39.94","100","100","100","0","100"
"135","062000","Kab. Pidie Jaya","Prov. Aceh","8.21","40.39","38.63","35.33","0","38.19","100","100","100","0","100"
"136","066000","Kota Sabang","Prov. Aceh","10.56","47.22","45.64","39.64","0","40.68","100","100","100","0","100"
"137","066100","Kota Banda Aceh","Prov. Aceh","11.46","51.12","51.44","45.89","0","46.84","100","100","100","0","100"
"138","066200","Kota Lhokseumawe","Prov. Aceh","11.29","48.24","46.78","39.74","0","41.58","100","100","100","0","100"
"139","066300","Kota Langsa","Prov. Aceh","7.67","49.48","46.35","38.19","0","42.54","100","100","100","0","100"
"140","066400","Kota Subulussalam","Prov. Aceh","13.20","41.36","45.71","38.48","0","42.01","100","100","100","0","100"
"141","070000","Prov. Sumatera Utara","Prov. Sumatera Utara","16.40","49.48","48.57","44.23","0","42.76","91.27","99","98.8","0","98.06"
"142","070100","Kab. Deli Serdang","Prov. Sumatera Utara","18.30","46.97","47","43.91","0","42.75","100","100","100","0","100"
"143","070200","Kab. Langkat","Prov. Sumatera Utara","11.27","42.9","42.73","40.51","0","39.75","100","100","100","0","100"
"144","070300","Kab. Karo","Prov. Sumatera Utara","15.62","48.8","50.38","45.88","0","42.17","94.38","100","100","0","100"
"145","070400","Kab. Simalungun","Prov. Sumatera Utara","17.30","51.45","46.47","42.98","0","44.86","81.52","100","100","0","100"
"146","070500","Kab. Dairi","Prov. Sumatera Utara","17.85","50.78","50.45","47.52","0","43.31","99.07","100","100","0","100"
"147","070600","Kab. Asahan","Prov. Sumatera Utara","15.48","47.25","45.2","41.91","0","41.52","100","100","100","0","100"
"148","070700","Kab. Labuhanbatu","Prov. Sumatera Utara","12.92","63.35","46.3","41.97","0","45.6","62.53","100","100","0","100"
"149","070800","Kab. Tapanuli Utara","Prov. Sumatera Utara","19.01","46.22","47.82","44.37","0","41.75","88.19","100","100","0","100"
"150","070900","Kab. Tapanuli Tengah","Prov. Sumatera Utara","16.59","49.36","48.3","41.68","0","40.96","86.69","100","100","0","100"
"151","071000","Kab. Tapanuli Selatan","Prov. Sumatera Utara","12.82","48.79","46.2","41.84","0","39.78","89.74","100","100","0","100"
"152","071100","Kab. Nias","Prov. Sumatera Utara","10.76","52.7","41.07","39.43","0","42.37","62.61","100","100","0","100"
"153","071500","Kab. Mandailing Natal","Prov. Sumatera Utara","22.06","46.94","45.5","40.78","0","40.89","97.11","100","100","0","100"
"154","071600","Kab. Toba Samosir","Prov. Sumatera Utara","13.70","51.43","55.79","48.15","0","43.93","91.02","99.51","99.65","0","100"
"155","071700","Kab. Nias Selatan","Prov. Sumatera Utara","6.69","53.88","42.82","42.99","0","44.89","51.54","85.36","83.86","0","61.4"
"156","071800","Kab. Pakpak Bharat","Prov. Sumatera Utara","9.57","44.95","45.28","42.49","0","40.67","100","100","100","0","100"
"157","071900","Kab. Humbang Hasundutan","Prov. Sumatera Utara","13.88","47.74","46.74","44.03","0","42.03","100","100","100","0","100"
"158","072000","Kab. Samosir","Prov. Sumatera Utara","11.61","54.44","49.7","47.42","0","43.74","100","100","100","0","100"
"159","072100","Kab. Serdang Bedagai","Prov. Sumatera Utara","15.78","43.63","42.51","40.11","0","39.93","100","100","100","0","100"
"160","072200","Kab. Batu Bara","Prov. Sumatera Utara","15.94","43.11","43.37","41.13","0","41.19","100","100","100","0","100"
"161","072300","Kab. Padang Lawas utara","Prov. Sumatera Utara","11.52","47.8","39.44","37.12","0","38.41","88.96","100","100","0","100"
"162","072400","Kab. Padang Lawas","Prov. Sumatera Utara","10.39","44.21","41.33","37.92","0","41.71","100","100","100","0","100"
"163","072500","Kab. Labuhanbatu Utara","Prov. Sumatera Utara","16.28","46.84","45.48","41.32","0","44.27","87.87","100","100","0","100"
"164","072600","Kab. Labuhanbatu Selatan","Prov. Sumatera Utara","16.04","46.49","44.04","40.83","0","44.77","97.84","100","100","0","100"
"165","072700","Kab. Nias Barat","Prov. Sumatera Utara","2.75","59.05","44.99","44.75","0","40.89","49.08","93.66","93.94","0","100"
"166","072800","Kab. Nias Utara","Prov. Sumatera Utara","0.20","47.15","43.06","41.82","0","41.8","74.17","100","100","0","100"
"167","076000","Kota Medan","Prov. Sumatera Utara","15.56","52.19","54.43","48.97","0","44.41","100","100","100","0","100"
"168","076100","Kota Binjai","Prov. Sumatera Utara","10.99","48.15","47.6","43.32","0","41.57","100","100","100","0","100"
"169","076200","Kota Tebing Tinggi","Prov. Sumatera Utara","18.11","54.85","48.96","43.9","0","41.51","100","100","100","0","100"
"170","076300","Kota Pematangsiantar","Prov. Sumatera Utara","8.90","53.74","55.98","50.7","0","45.01","100","100","100","0","100"
"171","076400","Kota Tanjungbalai","Prov. Sumatera Utara","6.54","45.1","44.38","40.26","0","40.84","100","100","100","0","100"
"172","076500","Kota Sibolga","Prov. Sumatera Utara","12.92","50.03","50.15","45.24","0","42.23","100","100","100","0","100"
"173","076600","Kota Padang Sidempuan","Prov. Sumatera Utara","11.91","55.17","47.47","41.1","0","41.99","100","100","100","0","100"
"174","076700","Kota Gunungsitoli","Prov. Sumatera Utara","0.00","49.39","49.55","45.49","0","43.57","86.31","100","100","0","100"
"175","080000","Prov. Sumatera Barat","Prov. Sumatera Barat","20.90","53.46","54.89","48.12","0","46.93","93.5","99.72","99.81","0","99.72"
"176","080100","Kab. Agam","Prov. Sumatera Barat","17.70","52.17","56.18","48.56","0","45.68","95.7","100","100","0","100"
"177","080200","Kab. Pasaman","Prov. Sumatera Barat","9.67","48.53","52.45","46.37","0","45.5","87.34","100","100","0","100"
"178","080300","Kab. Limapuluh Kota","Prov. Sumatera Barat","22.15","53.33","54.5","49.26","0","46.04","90.97","100","100","0","100"
"179","080400","Kab. Solok","Prov. Sumatera Barat","19.26","50.29","52.28","48.11","0","46.3","92.93","99.14","100","0","100"
"180","080500","Kab. Padang Pariaman","Prov. Sumatera Barat","18.42","48.13","49.19","43.98","0","45.75","93.06","100","100","0","100"
"181","080600","Kab. Pesisir Selatan","Prov. Sumatera Barat","17.41","51.51","47.49","41.53","0","40.62","95.31","100","100","0","100"
"182","080700","Kab. Tanah Datar","Prov. Sumatera Barat","15.78","55.79","58.39","53.57","0","45.94","96.59","100","100","0","100"
"183","080800","Kab. Sijunjung","Prov. Sumatera Barat","15.59","50.9","53.28","47.89","0","46.79","100","100","100","0","100"
"184","081000","Kab. Kepulauan Mentawai","Prov. Sumatera Barat","14.11","52.78","41.18","38.93","0","44.78","76.3","95.21","95.54","0","80.94"
"185","081100","Kab. Solok Selatan","Prov. Sumatera Barat","8.34","48.3","49.93","44.22","0","44.84","89.74","100","100","0","100"
"186","081200","Kab. Dharmasraya","Prov. Sumatera Barat","13.09","51.41","52.18","47.67","0","45.95","100","100","100","0","100"
"187","081300","Kab. Pasaman Barat","Prov. Sumatera Barat","18.39","50.01","52.6","47.25","0","44.95","91.68","100","100","0","100"
"188","086000","Kota Bukittinggi","Prov. Sumatera Barat","11.36","64.24","62.89","55.17","0","52.62","100","100","100","0","100"
"189","086100","Kota Padang","Prov. Sumatera Barat","21.37","58.42","59.19","49.32","0","48.98","90.62","100","100","0","100"
"190","086200","Kota Padang Panjang","Prov. Sumatera Barat","12.61","58.62","69.99","60.08","0","48.98","100","100","100","0","100"
"191","086300","Kota Sawahlunto","Prov. Sumatera Barat","10.69","55.54","61.01","53.76","0","48.62","100","100","100","0","100"
"192","086400","Kota Solok","Prov. Sumatera Barat","11.08","53.91","53.79","47.97","0","48.37","100","100","100","0","100"
"193","086500","Kota Payakumbuh","Prov. Sumatera Barat","8.64","60","64.05","54.68","0","49.06","100","100","100","0","100"
"194","086600","Kota Pariaman","Prov. Sumatera Barat","7.90","54.34","54.11","46.72","0","45.76","100","100","100","0","100"
"195","090000","Prov. Riau","Prov. Riau","20.76","53.03","51.52","45.34","0","46.24","86.18","98.87","97.84","0","100"
"196","090100","Kab. Kampar","Prov. Riau","15.61","48.96","46.63","42.27","0","43.39","92.19","98.31","97.14","0","100"
"197","090200","Kab. Bengkalis","Prov. Riau","12.15","55.2","51.5","45.34","0","46.3","80.89","99.51","99.13","0","100"
"198","090400","Kab. Indragiri Hulu","Prov. Riau","3.15","47.11","50.19","45.16","0","44.15","90.31","100","100","0","100"
"199","090500","Kab. Indragiri Hilir","Prov. Riau","15.74","56.95","47.2","45.39","0","45.29","68.68","93.56","88.9","0","100"
"200","090800","Kab. Pelalawan","Prov. Riau","16.81","56.46","50.43","45.65","0","43.88","74.01","99.04","98.98","0","100"
"201","090900","Kab. Rokan Hulu","Prov. Riau","5.25","48.22","48.25","44.35","0","43.63","97.17","100","100","0","100"
"202","091000","Kab. Rokan Hilir","Prov. Riau","12.39","50.36","46.23","42.6","0","42.95","78.61","97.84","96.13","0","100"
"203","091100","Kab. Siak","Prov. Riau","17.36","49.71","50.45","44.7","0","44.95","93.79","100","100","0","100"
"204","091400","Kab. Kuantan Singingi","Prov. Riau","15.83","59.81","50.15","43.52","0","43.2","71.93","100","100","0","100"
"205","091500","Kab. Kepulauan Meranti","Prov. Riau","11.84","45.85","46.59","41.43","0","46.02","100","100","100","0","100"
"206","096000","Kota Pekanbaru","Prov. Riau","8.57","58.4","61.74","53.22","0","50.45","96.48","99.88","99.89","0","100"
"207","096200","Kota Dumai","Prov. Riau","20.33","53.52","55.65","48.47","0","46.72","100","100","100","0","100"
"208","100000","Prov. Jambi","Prov. Jambi","19.27","48.55","49.82","43.78","0","43.34","92.11","100","100","0","100"
"209","100100","Kab. Batanghari","Prov. Jambi","10.25","47.08","47.43","41.47","0","43.36","91.79","100","100","0","100"
"210","100200","Kab. Bungo","Prov. Jambi","11.33","46.59","47.93","44.06","0","41.22","96.48","100","100","0","100"
"211","100300","Kab. Sarolangun","Prov. Jambi","15.60","45.05","46.93","40.54","0","40.84","91.82","100","100","0","100"
"212","100400","Kab. Tanjung Jabung Barat","Prov. Jambi","13.80","46.61","47.66","41.72","0","42.78","95.96","100","100","0","100"
"213","100500","Kab. Kerinci","Prov. Jambi","12.22","46.01","42.77","38.1","0","40.77","89.35","100","100","0","100"
"214","100600","Kab. Tebo","Prov. Jambi","14.98","48.7","48.17","44.43","0","44.05","86.41","100","100","0","100"
"215","100700","Kab. Muaro Jambi","Prov. Jambi","17.53","45.94","51.04","43.76","0","41.89","91.17","100","100","0","100"
"216","100800","Kab. Tanjung Jabung Timur","Prov. Jambi","13.69","48.41","45.9","42.11","0","43.67","88.09","100","100","0","100"
"217","100900","Kab. Merangin","Prov. Jambi","12.78","48.15","47.8","40.58","0","42.38","87.71","100","100","0","100"
"218","106000","Kota Jambi","Prov. Jambi","16.49","54.23","55.94","49.22","0","45.93","100","100","100","0","100"
"219","106100","Kota Sungai Penuh","Prov. Jambi","6.37","49.1","49.78","45.73","0","42.34","100","100","100","0","100"
"220","110000","Prov. Sumatera Selatan","Prov. Sumatera Selatan","13.80","46.28","48.12","42.52","0","42.4","90.68","99.72","99.63","0","100"
"221","110100","Kab. Musi Banyuasin","Prov. Sumatera Selatan","10.86","46.26","44.38","39.57","0","41.58","86.38","100","100","0","100"
"222","110200","Kab. Ogan Komering Ilir","Prov. Sumatera Selatan","19.27","48.82","43.76","40.45","0","40.86","82.63","100","100","0","100"
"223","110300","Kab. Ogan Komering Ulu","Prov. Sumatera Selatan","13.07","45.02","50.45","42.24","0","44.98","86.15","100","100","0","100"
"224","110400","Kab. Muara Enim","Prov. Sumatera Selatan","13.91","45.46","47.04","41.43","0","42.32","89.4","100","100","0","100"
"225","110500","Kab. Lahat","Prov. Sumatera Selatan","22.00","43.63","47.82","40.74","0","43.01","89.77","100","100","0","100"
"226","110600","Kab. Musi Rawas","Prov. Sumatera Selatan","12.35","45.31","46.87","44.98","0","42.61","90.17","95.95","95.72","0","100"
"227","110700","Kab. Banyuasin","Prov. Sumatera Selatan","21.96","45.94","44.69","41.78","0","41.4","88.63","99.41","99.2","0","100"
"228","110800","Kab. Ogan Komering Ulu Timur","Prov. Sumatera Selatan","22.62","45.54","47.29","43.14","0","41.85","100","100","100","0","100"
"229","110900","Kab. Ogan Komering Ulu Selatan","Prov. Sumatera Selatan","14.34","43.35","43.06","40.34","0","40.19","87.34","99.57","97.99","0","100"
"230","111000","Kab. Ogan Ilir","Prov. Sumatera Selatan","20.47","44.46","45.93","41.44","0","40.53","100","100","100","0","100"
"231","111100","Kab. Empat Lawang","Prov. Sumatera Selatan","14.54","40.75","43.03","38.9","0","38.49","88.23","100","99.79","0","100"
"232","111200","Kab. Penukal Abab Lematang Ilir","Prov. Sumatera Selatan","10.60","42.4","42.47","38.07","0","38.88","100","100","100","0","100"
"233","111300","Kab. Musi Rawas Utara","Prov. Sumatera Selatan","11.47","49.47","39.5","36.79","0","39.37","82.19","100","100","0","100"
"234","116000","Kota Palembang","Prov. Sumatera Selatan","24.05","48.67","54.37","47.15","0","43.8","92.46","100","100","0","100"
"235","116100","Kota Prabumulih","Prov. Sumatera Selatan","13.95","50.79","51.29","45.5","0","43.77","100","100","100","0","100"
"236","116200","Kota Lubuklinggau","Prov. Sumatera Selatan","15.41","46.02","45.98","41.43","0","41.47","100","100","100","0","100"
"237","116300","Kota Pagar Alam","Prov. Sumatera Selatan","12.21","46.59","46.21","39.87","0","41.43","100","100","100","0","100"
"238","120000","Prov. Lampung","Prov. Lampung","14.34","48.01","50.81","45.26","0","44.74","94.51","100","100","0","100"
"239","120100","Kab. Lampung Selatan","Prov. Lampung","14.62","47.55","51.17","44.95","0","44.15","92.19","100","100","0","100"
"240","120200","Kab. Lampung Tengah","Prov. Lampung","15.89","46.79","49.79","46.39","0","44.74","91.14","100","100","0","100"
"241","120300","Kab. Lampung Utara","Prov. Lampung","3.34","46.65","47.63","42.09","0","43.75","95.54","100","100","0","100"
"242","120400","Kab. Lampung Barat","Prov. Lampung","15.80","55.24","48.71","44.22","0","45.69","100","100","100","0","100"
"243","120500","Kab. Tulang Bawang","Prov. Lampung","15.63","46.01","44.3","42.36","0","44.43","100","100","100","0","100"
"244","120600","Kab. Tanggamus","Prov. Lampung","0.00","44.56","46.03","43.42","0","42.95","88.9","100","100","0","100"
"245","120700","Kab. Lampung Timur","Prov. Lampung","6.91","45.7","48.36","45.46","0","43.33","92.63","100","100","0","100"
"246","120800","Kab. Way Kanan","Prov. Lampung","12.54","46.55","44.9","42.02","0","44.89","95.65","100","100","0","100"
"247","120900","Kab. Pesawaran","Prov. Lampung","16.49","44.61","45.2","42.06","0","44.93","100","100","100","0","100"
"248","121000","Kab. Pringsewu","Prov. Lampung","17.26","48.2","53.24","47.84","0","44.32","100","100","100","0","100"
"249","121100","Kab. Mesuji","Prov. Lampung","14.65","43.67","46.67","41.53","0","44.14","87.53","100","100","0","100"
"250","121200","Kab. Tulang Bawang Barat","Prov. Lampung","17.55","45.78","49.24","43.93","0","43.11","90.97","100","100","0","100"
"251","121300","Kab. Pesisir Barat","Prov. Lampung","18.69","44.29","46.11","40.17","0","40.51","89.98","100","100","0","100"
"252","126000","Kota Bandar Lampung","Prov. Lampung","18.69","54.22","58.09","49.51","0","46.47","100","100","100","0","100"
"253","126100","Kota Metro","Prov. Lampung","14.49","55.34","57.09","51.57","0","47.59","100","100","100","0","100"
"254","130000","Prov. Kalimantan Barat","Prov. Kalimantan Barat","16.67","48","51.51","45.4","0","44.99","90.05","100","100","0","100"
"255","130100","Kab. Sambas","Prov. Kalimantan Barat","18.02","47.64","53.85","48.57","0","48.59","88.65","100","100","0","100"
"256","130200","Kab. Mempawah","Prov. Kalimantan Barat","19.46","45.42","51.6","44.67","0","44.37","93.35","100","100","0","100"
"257","130300","Kab. Sanggau","Prov. Kalimantan Barat","16.88","46.57","50.79","44.85","0","41.76","91.3","100","100","0","100"
"258","130400","Kab. Sintang","Prov. Kalimantan Barat","13.99","50.6","48.61","44.74","0","43.18","84.57","100","100","0","100"
"259","130500","Kab. Kapuas Hulu","Prov. Kalimantan Barat","8.91","44.7","47.14","42.72","0","39.47","89.67","100","100","0","100"
"260","130600","Kab. Ketapang","Prov. Kalimantan Barat","8.86","45.22","50.28","44.98","0","43.23","88.95","100","100","0","100"
"261","130800","Kab. Bengkayang","Prov. Kalimantan Barat","18.62","44.86","46.46","43.35","0","41.97","89","100","100","0","100"
"262","130900","Kab. Landak","Prov. Kalimantan Barat","19.78","42.01","44.03","39.35","0","38.65","100","100","100","0","100"
"263","131000","Kab. Sekadau","Prov. Kalimantan Barat","16.08","49.21","45.59","43.54","0","44.12","84.2","100","100","0","100"
"264","131100","Kab. Melawi","Prov. Kalimantan Barat","13.78","44.92","47.42","43.14","0","39.56","87.34","100","100","0","100"
"265","131200","Kab. Kayong Utara","Prov. Kalimantan Barat","14.35","44.09","46.6","42.57","0","43.71","91.95","100","100","0","100"
"266","131300","Kab. Kubu Raya","Prov. Kalimantan Barat","16.69","48.11","48.79","44.02","0","44.49","86.82","100","100","0","100"
"267","136000","Kota Pontianak","Prov. Kalimantan Barat","15.98","57.41","60.77","51.63","0","48.51","95.74","100","100","0","100"
"268","136100","Kota Singkawang","Prov. Kalimantan Barat","17.73","52.19","58.4","51.29","0","49.89","100","100","100","0","100"
"269","140000","Prov. Kalimantan Tengah","Prov. Kalimantan Tengah","12.82","51.76","48.64","43.51","0","43.84","83.83","100","100","0","100"
"270","140100","Kab. Kapuas","Prov. Kalimantan Tengah","0.00","60.91","47.08","42.11","0","43.94","73.88","100","100","0","100"
"271","140200","Kab. Barito Selatan","Prov. Kalimantan Tengah","11.61","53.94","46.39","40.4","0","42.31","74.43","100","100","0","100"
"272","140300","Kab. Barito Utara","Prov. Kalimantan Tengah","18.58","46.41","50.24","43.09","0","41.56","92.9","100","100","0","100"
"273","140400","Kab. Kotawaringin Timur","Prov. Kalimantan Tengah","12.83","52.31","51.27","45.22","0","44.58","82.1","100","100","0","100"
"274","140500","Kab. Kotawaringin Barat","Prov. Kalimantan Tengah","10.98","51.68","52.86","48.87","0","45.38","95.49","100","100","0","100"
"275","140600","Kab. Katingan","Prov. Kalimantan Tengah","14.75","49.14","46.09","41.94","0","41.02","79.71","100","100","0","100"
"276","140700","Kab. Seruyan","Prov. Kalimantan Tengah","10.74","49.47","48.51","44.24","0","43.86","91.27","100","100","0","100"
"277","140800","Kab. Sukamara","Prov. Kalimantan Tengah","14.93","50.01","47.43","43.48","0","42.58","90.26","100","100","0","100"
"278","140900","Kab. Lamandau","Prov. Kalimantan Tengah","13.65","50.04","46.39","44.02","0","41.32","82.93","100","100","0","100"
"279","141000","Kab. Gunung Mas","Prov. Kalimantan Tengah","16.19","47.52","43.26","40.58","0","39.01","91.66","100","100","0","100"
"280","141100","Kab. Pulang Pisau","Prov. Kalimantan Tengah","13.96","48.14","46.83","43.1","0","41.48","92.07","100","100","0","100"
"281","141200","Kab. Murung Raya","Prov. Kalimantan Tengah","15.21","52.25","42.55","38.05","0","42.21","73.86","100","100","0","100"
"282","141300","Kab. Barito Timur","Prov. Kalimantan Tengah","10.34","48.97","47.6","43.66","0","42.77","94.47","100","100","0","100"
"283","146000","Kota Palangka Raya","Prov. Kalimantan Tengah","17.26","52.32","51.6","46.52","0","45.84","88.42","100","100","0","100"
"284","150000","Prov. Kalimantan Selatan","Prov. Kalimantan Selatan","13.00","51.73","54.14","48.49","0","47.39","100","100","100","0","100"
"285","150100","Kab. Banjar","Prov. Kalimantan Selatan","15.89","51.38","55.9","48.68","0","47.15","100","100","100","0","100"
"286","150200","Kab. Tanah Laut","Prov. Kalimantan Selatan","15.74","50.52","53.45","48.13","0","47.54","100","100","100","0","100"
"287","150300","Kab. Barito Kuala","Prov. Kalimantan Selatan","14.99","50.7","50.81","47.04","0","46.56","100","100","100","0","100"
"288","150400","Kab. Tapin","Prov. Kalimantan Selatan","10.16","49.73","50.08","46.17","0","43.91","100","100","100","0","100"
"289","150500","Kab. Hulu Sungai Selatan","Prov. Kalimantan Selatan","4.13","47.83","53.32","48.32","0","46.62","100","100","100","0","100"
"290","150600","Kab. Hulu Sungai Tengah","Prov. Kalimantan Selatan","11.64","45.84","52.69","45.92","0","43.82","100","100","100","0","100"
"291","150700","Kab. Hulu Sungai Utara","Prov. Kalimantan Selatan","3.85","49.69","53.42","47.72","0","46.78","100","100","100","0","100"
"292","150800","Kab. Tabalong","Prov. Kalimantan Selatan","7.47","51.27","52.58","47.76","0","45.71","100","100","100","0","100"
"293","150900","Kab. Kotabaru","Prov. Kalimantan Selatan","11.16","49.92","49.87","45.07","0","44.48","100","100","100","0","100"
"294","151000","Kab. Balangan","Prov. Kalimantan Selatan","10.74","50","49.27","44.92","0","46.29","100","100","100","0","100"
"295","151100","Kab. Tanah Bumbu","Prov. Kalimantan Selatan","13.78","49.31","53.65","49.64","0","46.45","100","100","100","0","100"
"296","156000","Kota Banjarmasin","Prov. Kalimantan Selatan","15.67","55.8","56.85","52.03","0","48.58","100","100","100","0","100"
"297","156100","Kota Banjarbaru","Prov. Kalimantan Selatan","10.61","56.95","59.43","54.42","0","52.87","100","100","100","0","100"
"298","160000","Prov. Kalimantan Timur","Prov. Kalimantan Timur","12.49","53.58","54.97","49.14","0","47.32","91.81","98.1","97.2","0","97.05"
"299","160100","Kab. Paser","Prov. Kalimantan Timur","11.81","49.8","51.05","47.59","0","46.37","100","99.27","98.34","0","100"
"300","160200","Kab. Kutai Kartanegara","Prov. Kalimantan Timur","17.82","48.69","49.3","46.52","0","43.55","85.31","96.67","94.76","0","94.12"
"301","160300","Kab. Berau","Prov. Kalimantan Timur","11.49","48.42","47.85","43.77","0","43.46","88.68","96.65","96.42","0","95.65"
"302","160900","Kab. Kutai Barat","Prov. Kalimantan Timur","9.17","52.9","47.74","45.23","0","46.24","79.22","97.15","95.02","0","95.33"
"303","161000","Kab. Kutai Timur","Prov. Kalimantan Timur","12.33","51.07","52.02","47.9","0","45.64","87.84","96.92","97.08","0","90.75"
"304","161100","Kab. Penajam Paser Utara","Prov. Kalimantan Timur","8.71","54.54","56.18","50.49","0","45.79","100","100","100","0","100"
"305","161200","Kab. Mahakam Ulu","Prov. Kalimantan Timur","8.37","55.63","51.04","49.89","0","49.07","77.44","89.29","88.01","0","75.68"
"306","166000","Kota Samarinda","Prov. Kalimantan Timur","11.80","54.91","58.21","51.04","0","47.78","99.84","100","100","0","100"
"307","166100","Kota Balikpapan","Prov. Kalimantan Timur","14.46","59.49","61.71","53.79","0","50.98","100","100","100","0","100"
"308","166300","Kota Bontang","Prov. Kalimantan Timur","18.08","61.46","66.26","58.32","0","48.8","100","100","100","0","100"
"309","170000","Prov. Sulawesi Utara","Prov. Sulawesi Utara","16.92","47.59","47.31","41.75","0","40.92","95.33","100","100","0","100"
"310","170100","Kab. Bolaang Mongondow","Prov. Sulawesi Utara","11.52","45.64","42.26","39.57","0","39.08","97.83","100","100","0","100"
"311","170200","Kab. Minahasa","Prov. Sulawesi Utara","13.41","45.28","44.89","38.94","0","41.87","100","100","100","0","100"
"312","170300","Kab. Kepulauan Sangihe","Prov. Sulawesi Utara","7.15","51.11","47.8","43.2","0","42.72","89.06","100","100","0","100"
"313","170400","Kab. Kepulauan Talaud","Prov. Sulawesi Utara","11.43","63.21","42.91","41.97","0","40.31","57.32","100","100","0","100"
"314","170500","Kab. Minahasa Selatan","Prov. Sulawesi Utara","10.20","46.9","44.04","39.35","0","39","100","100","100","0","100"
"315","170600","Kab. Minahasa Utara","Prov. Sulawesi Utara","8.42","47.61","48.61","40.78","0","42.53","100","100","100","0","100"
"316","170800","Kab. Bolaang Mongondow Utara","Prov. Sulawesi Utara","11.47","42.45","40.75","37.89","0","39.14","100","100","100","0","100"
"317","170900","Kab. Kepulauan Siau, Tagulandang, Biaro","Prov. Sulawesi Utara","9.74","46.33","43.62","39.07","0","40.11","100","100","100","0","100"
"318","171000","Kab. Minahasa Tenggara","Prov. Sulawesi Utara","12.43","43.1","43.74","37.94","0","38.96","100","100","100","0","100"
"319","171100","Kab. Bolaang Mongondow Timur","Prov. Sulawesi Utara","10.51","50.65","42.4","38.33","0","38.85","95.92","100","100","0","100"
"320","171200","Kab. Bolaang Mongondow Selatan","Prov. Sulawesi Utara","11.22","45.05","41.98","37.75","0","37.01","92.84","100","100","0","100"
"321","176000","Kota Manado","Prov. Sulawesi Utara","14.03","48.66","51.55","44.78","0","41.6","94.23","100","100","0","100"
"322","176100","Kota Bitung","Prov. Sulawesi Utara","13.07","46.46","49.15","42.38","0","40.5","100","100","100","0","100"
"323","176200","Kota Tomohon","Prov. Sulawesi Utara","11.99","51.72","56.07","50.73","0","46.06","100","100","100","0","100"
"324","176300","Kota Kotamobagu","Prov. Sulawesi Utara","10.62","44.17","44.55","38.5","0","39.1","100","100","100","0","100"
"325","180000","Prov. Sulawesi Tengah","Prov. Sulawesi Tengah","14.57","48.09","45.96","41.06","0","41.05","87.23","100","100","0","100"
"326","180100","Kab. Banggai Kepulauan","Prov. Sulawesi Tengah","7.61","53.1","45.9","42.48","0","42.29","86.97","100","100","0","100"
"327","180200","Kab. Donggala","Prov. Sulawesi Tengah","10.96","46.78","41.61","37.58","0","38.74","79.53","100","100","0","100"
"328","180300","Kab. Poso","Prov. Sulawesi Tengah","10.03","47.28","47.36","43.81","0","41.82","100","100","100","0","100"
"329","180400","Kab. Banggai","Prov. Sulawesi Tengah","10.85","48.01","46.56","41.06","0","41.21","81.3","100","100","0","100"
"330","180500","Kab. Buol","Prov. Sulawesi Tengah","9.70","43.03","40.25","36.93","0","39.39","87.74","100","100","0","100"
"331","180600","Kab. Tolitoli","Prov. Sulawesi Tengah","6.55","46.5","44.97","42.42","0","39.69","86.5","100","100","0","100"
"332","180700","Kab. Morowali","Prov. Sulawesi Tengah","7.85","45.26","46.07","42.93","0","42.22","100","100","100","0","100"
"333","180800","Kab. Parigi Moutong","Prov. Sulawesi Tengah","12.41","45.1","43.94","40.51","0","40.88","95.07","100","100","0","100"
"334","180900","Kab. Tojo Una Una","Prov. Sulawesi Tengah","10.78","46.2","43.34","38.97","0","41.48","84.17","100","100","0","100"
"335","181000","Kab. Sigi","Prov. Sulawesi Tengah","11.02","51.18","40.57","37.72","0","38.07","81.49","100","100","0","100"
"336","181100","Kab. Banggai Laut","Prov. Sulawesi Tengah","8.92","52.23","44.42","41.42","0","39.4","73.02","100","100","0","100"
"337","181200","Kab. Morowali Utara","Prov. Sulawesi Tengah","10.03","49.78","46.66","42.37","0","41.96","81.29","100","100","0","100"
"338","186000","Kota Palu","Prov. Sulawesi Tengah","14.56","53.13","52.87","44.26","0","42.38","95.19","100","100","0","100"
"339","190000","Prov. Sulawesi Selatan","Prov. Sulawesi Selatan","17.31","48.93","46.5","41.75","0","41.27","91.56","100","100","0","100"
"340","190100","Kab. Maros","Prov. Sulawesi Selatan","15.82","46.27","46.3","41.5","0","40.5","100","100","100","0","100"
"341","190200","Kab. Pangkajene Kepulauan","Prov. Sulawesi Selatan","14.91","52.84","48.68","39.26","0","41.33","69.21","100","100","0","100"
"342","190300","Kab. Gowa","Prov. Sulawesi Selatan","16.21","49.31","43.16","39.12","0","39.44","80.94","100","100","0","100"
"343","190400","Kab. Takalar","Prov. Sulawesi Selatan","12.38","44.85","42.25","38.55","0","42.1","100","100","100","0","100"
"344","190500","Kab. Jeneponto","Prov. Sulawesi Selatan","10.73","43.1","42.34","38.64","0","37.74","93.19","100","100","0","100"
"345","190600","Kab. Barru","Prov. Sulawesi Selatan","13.19","46.3","47.52","40.05","0","40.7","100","100","100","0","100"
"346","190700","Kab. Bone","Prov. Sulawesi Selatan","0.47","50.71","46.73","42.17","0","41.6","100","100","100","0","100"
"347","190800","Kab. Wajo","Prov. Sulawesi Selatan","2.43","48.16","48.37","44.29","0","42.38","100","100","100","0","100"
"348","190900","Kab. Soppeng","Prov. Sulawesi Selatan","13.37","53.07","50.66","43.89","0","44.27","100","100","100","0","100"
"349","191000","Kab. Bantaeng","Prov. Sulawesi Selatan","12.63","49.22","45.65","41.02","0","39.5","88.02","100","100","0","100"
"350","191100","Kab. Bulukumba","Prov. Sulawesi Selatan","13.25","58.45","43.28","39.9","0","41.07","71.27","100","100","0","100"
"351","191200","Kab. Sinjai","Prov. Sulawesi Selatan","9.40","48.34","47.94","41.95","0","40.48","90.83","100","100","0","100"
"352","191300","Kab. Kepulauan Selayar","Prov. Sulawesi Selatan","0.51","57.95","46.63","42.56","0","47.16","67.72","100","100","0","100"
"353","191400","Kab. Pinrang","Prov. Sulawesi Selatan","14.44","45.78","44.31","40.12","0","40.27","100","100","100","0","100"
"354","191500","Kab. Sidenreng Rappang","Prov. Sulawesi Selatan","14.05","47.74","47.18","41.06","0","42.58","100","100","100","0","100"
"355","191600","Kab. Enrekang","Prov. Sulawesi Selatan","17.32","48.65","48.5","43.61","0","45.58","96.96","100","100","0","100"
"356","191700","Kab. Luwu","Prov. Sulawesi Selatan","10.29","45.53","41.77","38.67","0","36.23","86.51","100","100","0","100"
"357","191800","Kab. Tana Toraja","Prov. Sulawesi Selatan","3.99","47.64","49.09","44.48","0","39.68","84.59","100","100","0","100"
"358","192400","Kab. Luwu Utara","Prov. Sulawesi Selatan","9.54","46.18","43.77","39.62","0","38.68","100","100","100","0","100"
"359","192600","Kab. Luwu Timur","Prov. Sulawesi Selatan","13.68","49.11","48.49","42.23","0","43.17","100","100","100","0","100"
"360","192700","Kab. Toraja Utara","Prov. Sulawesi Selatan","3.06","50.15","49.71","44","0","40.67","83.27","100","100","0","100"
"361","196000","Kota Makassar","Prov. Sulawesi Selatan","11.03","49.48","48.69","43.88","0","43.6","100","100","100","0","100"
"362","196100","Kota Parepare","Prov. Sulawesi Selatan","11.61","47.04","51.25","46.33","0","41.17","100","100","100","0","100"
"363","196200","Kota Palopo","Prov. Sulawesi Selatan","9.10","46.8","49.93","46.42","0","40.89","100","100","100","0","100"
"364","200000","Prov. Sulawesi Tenggara","Prov. Sulawesi Tenggara","17.15","50.08","47.62","42.02","0","41.92","82.19","98.29","97.72","0","100"
"365","200100","Kab. Konawe","Prov. Sulawesi Tenggara","8.10","46.83","44.05","39.64","0","40.57","81.71","98.75","95.9","0","100"
"366","200200","Kab. Muna","Prov. Sulawesi Tenggara","9.18","51.27","47.24","40.8","0","42.26","75.84","98.2","98.69","0","100"
"367","200300","Kab. Buton","Prov. Sulawesi Tenggara","14.57","47.4","46.5","42.62","0","41.35","100","100","100","0","100"
"368","200400","Kab. Kolaka","Prov. Sulawesi Tenggara","9.98","45.61","48.43","40.82","0","40.35","88.37","100","100","0","100"
"369","200500","Kab. Konawe Selatan","Prov. Sulawesi Tenggara","10.42","47.93","44.98","42","0","42.21","78.84","98.18","96.32","0","100"
"370","200600","Kab. Wakatobi","Prov. Sulawesi Tenggara","7.57","47.36","45.32","40.52","0","39.72","84.28","100","97.77","0","100"
"371","200700","Kab. Bombana","Prov. Sulawesi Tenggara","6.07","55.48","47.83","42.91","0","43.48","67.23","97.64","98.04","0","100"
"372","200800","Kab. Kolaka Utara","Prov. Sulawesi Tenggara","11.57","45.58","45.51","39.92","0","40.82","100","97.04","96.34","0","100"
"373","200900","Kab. Konawe Utara","Prov. Sulawesi Tenggara","10.38","49.49","50.61","48.85","0","33.63","85.32","90.5","89.71","0","100"
"374","201000","Kab. Buton Utara","Prov. Sulawesi Tenggara","9.15","67.26","52.03","50.16","0","44.68","65.16","88.5","88.86","0","100"
"375","201100","Kab. Kolaka Timur","Prov. Sulawesi Tenggara","14.89","58.02","44.44","39.12","0","40.19","70.75","100","100","0","100"
"376","201200","Kab. Konawe Kepulauan","Prov. Sulawesi Tenggara","9.46","60.12","43.16","42.32","0","40.77","74.17","100","100","0","100"
"377","201300","Kab. Muna Barat","Prov. Sulawesi Tenggara","7.71","55.46","46.68","41.61","0","43.78","73.97","100","100","0","100"
"378","201400","Kab. Buton Selatan","Prov. Sulawesi Tenggara","13.34","46.18","45.8","42.58","0","39.76","100","100","100","0","100"
"379","201600","Kab. Buton Tengah","Prov. Sulawesi Tenggara","9.35","52.52","45.7","42.48","0","40.55","73.52","97.77","97.66","0","100"
"380","206000","Kota Kendari","Prov. Sulawesi Tenggara","9.71","48.85","51.52","43.03","0","43.25","100","100","100","0","100"
"381","206100","Kota Baubau","Prov. Sulawesi Tenggara","10.14","47.71","50.69","41.96","0","43.4","90.29","99.59","99.71","0","100"
"382","210000","Prov. Maluku","Prov. Maluku","17.08","53.2","43.73","39.01","0","41.58","59.75","98.42","98.47","0","98.65"
"383","210100","Kab. Maluku Tengah","Prov. Maluku","14.99","56.99","43.05","38.89","0","40.5","54.97","100","100","0","100"
"384","210200","Kab. Maluku Tenggara","Prov. Maluku","9.93","42.85","39.37","36.4","0","39.02","88.19","100","100","0","100"
"385","210300","Kab. Buru","Prov. Maluku","12.82","60.91","44.05","40.05","0","47.18","40.1","100","100","0","100"
"386","210400","Kab. Maluku Tenggara Barat","Prov. Maluku","8.65","46.93","38.38","33.19","0","34.56","63.53","100","100","0","100"
"387","210500","Kab. Seram Bagian Barat","Prov. Maluku","10.82","58.77","42.39","39","0","43.94","53.76","100","100","0","100"
"388","210600","Kab. Seram Bagian Timur","Prov. Maluku","12.78","67.59","42.88","43.14","0","43.81","33.34","87.75","88.42","0","100"
"389","210700","Kab. Kepulauan Aru","Prov. Maluku","10.35","43.78","39.7","36.27","0","34.91","76.85","96.07","92.41","0","100"
"390","210800","Kab. Maluku Barat Daya","Prov. Maluku","10.02","46.1","40.91","36.95","0","38.48","66.69","94.06","97.31","0","93.08"
"391","210900","Kab. Buru Selatan","Prov. Maluku","10.82","65.17","43.7","41.75","0","45.42","26.03","98.07","99.19","0","90.94"
"392","216000","Kota Ambon","Prov. Maluku","13.55","47.43","49.93","41.21","0","43.07","94.84","100","100","0","100"
"393","216100","Kota Tual","Prov. Maluku","13.36","45.53","40.2","37.15","0","36.29","85.87","100","100","0","100"
"394","220000","Prov. Bali","Prov. Bali","13.11","53.79","57.7","49.38","0","49.72","92.85","100","100","0","100"
"395","220100","Kab. Buleleng","Prov. Bali","9.51","48.99","54.4","45.61","0","48.59","91.13","100","100","0","100"
"396","220200","Kab. Jembrana","Prov. Bali","7.42","51.65","51.86","44.75","0","46.23","100","100","100","0","100"
"397","220300","Kab. Tabanan","Prov. Bali","10.32","52.53","55.05","46.06","0","47.45","96.56","100","100","0","100"
"398","220400","Kab. Badung","Prov. Bali","16.68","56.76","58.12","52.79","0","50.13","100","100","100","0","100"
"399","220500","Kab. Gianyar","Prov. Bali","10.85","54.99","58.76","51.04","0","48.57","91.49","100","100","0","100"
"400","220600","Kab. Klungkung","Prov. Bali","13.23","50","53.41","46.29","0","47.38","86.97","100","100","0","100"
"401","220700","Kab. Bangli","Prov. Bali","6.19","49.91","51.5","47.19","0","47.42","100","100","100","0","100"
"402","220800","Kab. Karangasem","Prov. Bali","19.29","48.9","54.62","45.41","0","48.66","83.05","100","100","0","100"
"403","226000","Kota Denpasar","Prov. Bali","15.92","60.9","63.59","56.34","0","53.65","90.52","100","100","0","100"
"404","230000","Prov. Nusa Tenggara Barat","Prov. Nusa Tenggara Barat","15.45","45.62","46.52","42.48","0","40.38","93.62","100","100","0","100"
"405","230100","Kab. Lombok Barat","Prov. Nusa Tenggara Barat","9.81","45.26","46.15","41.76","0","40.41","94","100","100","0","100"
"406","230200","Kab. Lombok Tengah","Prov. Nusa Tenggara Barat","13.01","43.99","46.83","41.58","0","39.93","92.01","100","100","0","100"
"407","230300","Kab. Lombok Timur","Prov. Nusa Tenggara Barat","19.09","45.44","48.79","45.77","0","40.09","93.91","100","100","0","100"
"408","230400","Kab. Sumbawa","Prov. Nusa Tenggara Barat","11.20","47.62","49.56","45.68","0","42.74","100","100","100","0","100"
"409","230500","Kab. Dompu","Prov. Nusa Tenggara Barat","12.53","39.86","40.29","36.38","0","35.48","91.79","100","100","0","100"
"410","230600","Kab. Bima","Prov. Nusa Tenggara Barat","11.68","42.04","38.92","35.2","0","35.08","92.71","100","100","0","100"
"411","230700","Kab. Sumbawa Barat","Prov. Nusa Tenggara Barat","5.84","55.09","52.47","47.31","0","41.28","89.2","100","100","0","100"
"412","230800","Kab. Lombok Utara","Prov. Nusa Tenggara Barat","10.07","45.38","45.5","40.81","0","39.71","91.13","100","100","0","100"
"413","236000","Kota Mataram","Prov. Nusa Tenggara Barat","7.84","53.17","57.23","49.56","0","44.73","91.7","100","100","0","100"
"414","236100","Kota Bima","Prov. Nusa Tenggara Barat","12.16","41.58","42.97","39.37","0","36.94","95.32","100","100","0","100"
"415","240000","Prov. Nusa Tenggara Timur","Prov. Nusa Tenggara Timur","29.20","50.71","44.69","40.36","0","41.06","72.3","96.79","96.3","0","94.89"
"416","240100","Kab. Kupang","Prov. Nusa Tenggara Timur","14.35","43.95","40.98","37.63","0","40.64","79.77","97.75","97.29","0","98.01"
"417","240300","Kab. Timor Tengah Selatan","Prov. Nusa Tenggara Timur","19.01","57.82","40.59","36.42","0","38.43","61.9","99.22","99.17","0","100"
"418","240400","Kab. Timor Tengah Utara","Prov. Nusa Tenggara Timur","12.98","48.29","43.68","40.27","0","41.37","75.87","100","100","0","100"
"419","240500","Kab. Belu","Prov. Nusa Tenggara Timur","13.26","43.62","47.36","42.09","0","41.19","87.07","98.67","97.51","0","90.47"
"420","240600","Kab. Alor","Prov. Nusa Tenggara Timur","8.77","60.11","38.5","36.26","0","37.55","39.03","94.71","93.45","0","100"
"421","240700","Kab. Flores Timur","Prov. Nusa Tenggara Timur","14.39","47.73","47.52","42.39","0","42.33","90.96","98.28","98.48","0","100"
"422","240800","Kab. Sikka","Prov. Nusa Tenggara Timur","15.60","47.84","49.94","44.43","0","42.68","84.74","98.24","97.55","0","100"
"423","240900","Kab. Ende","Prov. Nusa Tenggara Timur","15.31","48.37","50.37","44.09","0","41.08","85.8","100","100","0","100"
"424","241000","Kab. Ngada","Prov. Nusa Tenggara Timur","0.14","49.19","53","48.02","0","40.77","94.6","100","100","0","100"
"425","241100","Kab. Manggarai","Prov. Nusa Tenggara Timur","14.66","51.48","47.71","42.12","0","41.98","76.06","99.74","99.75","0","100"
"426","241200","Kab. Sumba Timur","Prov. Nusa Tenggara Timur","13.18","41.25","40.92","33.54","0","36.99","85.9","96.44","96.37","0","82.18"
"427","241300","Kab. Sumba Barat","Prov. Nusa Tenggara Timur","10.28","41.14","43.88","36.61","0","36.58","81.44","99.23","99.16","0","94.82"
"428","241400","Kab. Lembata","Prov. Nusa Tenggara Timur","10.70","47.22","47.19","42.55","0","43.03","85.39","97.17","97.03","0","96.51"
"429","241500","Kab. Rote Ndao","Prov. Nusa Tenggara Timur","15.12","51.59","44.6","39.76","0","39.31","75.91","100","100","0","100"
"430","241600","Kab. Manggarai Barat","Prov. Nusa Tenggara Timur","12.33","61.7","48.42","47.01","0","43.34","57.63","93.24","90.74","0","100"
"431","241700","Kab. Nagekeo","Prov. Nusa Tenggara Timur","14.23","47.47","48.83","44.79","0","41.43","88.48","100","100","0","100"
"432","241800","Kab. Sumba Tengah","Prov. Nusa Tenggara Timur","14.39","54.36","40.64","32.98","0","38.48","66.21","97.02","96.89","0","85.91"
"433","241900","Kab. Sumba Barat Daya","Prov. Nusa Tenggara Timur","18.44","50.39","38.3","34.74","0","40.42","54.25","90.51","88.9","0","73.82"
"434","242000","Kab. Manggarai Timur","Prov. Nusa Tenggara Timur","13.46","60.94","45.65","45.7","0","43.36","52","88.9","88.66","0","87.42"
"435","242100","Kab. Sabu Raijua","Prov. Nusa Tenggara Timur","14.68","49.77","39.23","34.56","0","33.54","75.45","96.66","96.81","0","94.48"
"436","242200","Kab. Malaka","Prov. Nusa Tenggara Timur","17.14","50.63","35.84","33.13","0","40.18","58.63","93.05","92.1","0","100"
"437","246000","Kota Kupang","Prov. Nusa Tenggara Timur","14.83","49.32","49.65","42.1","0","43.16","97.67","100","99.78","0","100"
"438","250000","Prov. Papua","Prov. Papua","8.23","50.32","44.45","39.74","0","40.91","72.1","94.14","91.66","0","88.29"
"439","250100","Kab. Jayapura","Prov. Papua","11.10","43.31","41.66","34.06","0","38.59","91.49","99.66","98.95","0","100"
"440","250200","Kab. Biak Numfor","Prov. Papua","8.34","55.5","41.63","38.91","0","37.43","73","93.44","94.32","0","89.6"
"441","250300","Kab. Kepulauan Yapen","Prov. Papua","9.92","40.43","38.69","32.96","0","35.87","84.21","98.55","98.12","0","100"
"442","250700","Kab. Merauke","Prov. Papua","18.73","46.56","46.96","38.19","0","41.36","92.22","99.5","99.39","0","96.5"
"443","250800","Kab. Jayawijaya","Prov. Papua","0.66","60.27","41.27","39.24","0","47.99","74.11","95.8","90.24","0","90.28"
"444","250900","Kab. Nabire","Prov. Papua","8.99","46.99","46.29","38.08","0","39.49","85.29","98.23","96.86","0","90.42"
"445","251000","Kab. Paniai","Prov. Papua","10.01","70.05","35.59","39.38","0","40.85","22.01","74.44","74.1","0","15.35"
"446","251100","Kab. Puncak Jaya","Prov. Papua","7.51","40.5","28.4","30.05","0","38.61","70.64","92.84","84.81","0","69.43"
"447","251200","Kab. Mimika","Prov. Papua","15.88","47.14","46.76","41.19","0","44.06","87.96","98.09","95.75","0","97.04"
"448","251300","Kab. Boven Digoel","Prov. Papua","8.90","41.37","37.85","35.27","0","31.57","86.52","95.45","96.31","0","88.83"
"449","251400","Kab. Mappi","Prov. Papua","12.43","41.08","36.84","33.12","0","33.14","79.64","95.89","95.91","0","96.36"
"450","251500","Kab. Asmat","Prov. Papua","10.54","54.86","45.56","43.87","0","32.14","63.96","82","83.82","0","76.67"
"451","251600","Kab. Yahukimo","Prov. Papua","7.69","69.58","50.6","58.22","0","45.01","29.58","72.69","72.02","0","61.25"
"452","251700","Kab. Pegunungan Bintang","Prov. Papua","6.24","47.54","41.01","39.98","0","33.34","47.41","93.61","85.59","0","100"
"453","251800","Kab. Tolikara","Prov. Papua","6.68","68.18","53.65","54.17","0","64.97","32.33","64.61","71.78","0","23.63"
"454","251900","Kab. Sarmi","Prov. Papua","6.01","40.98","40.01","35","0","36.1","100","100","100","0","83.51"
"455","252000","Kab. Keerom","Prov. Papua","8.67","45.51","43.22","37.3","0","42.47","87.94","98.7","98.02","0","75.81"
"456","252600","Kab. Waropen","Prov. Papua","6.39","42.94","38.08","34.12","0","35.16","100","100","100","0","100"
"457","252700","Kab. Supiori","Prov. Papua","8.62","36.58","33.98","32.05","0","40.08","100","100","100","0","100"
"458","252800","Kab. Mamberamo Raya","Prov. Papua","10.19","56.49","44.6","49.02","0","0","40.43","72.95","83.37","0","0"
"459","252900","Kab. Nduga","Prov. Papua","9.65","64.56","0","52.95","0","49.77","78.99","0","68.81","0","72.66"
"460","253000","Kab. Lanny Jaya","Prov. Papua","7.77","61.51","46.07","42.33","0","35.18","35.47","59.86","70.66","0","72.57"
"461","253100","Kab. Mamberamo Tengah","Prov. Papua","6.98","69.73","49.47","55.35","0","0","44.65","70.98","74.95","0","0"
"462","253200","Kab. Yalimo","Prov. Papua","6.08","63.87","53.57","55.55","0","50.86","36.86","61.7","57.75","0","19.62"
"463","253300","kab. Puncak","Prov. Papua","6.83","61.8","51.88","53.18","0","51.14","64.18","0","82.92","0","65.66"
"464","253400","Kab. Dogiyai","Prov. Papua","11.11","54.35","51.31","62.41","0","37.22","52.73","67.71","74.53","0","53.23"
"465","253500","Kab. Deiyai","Prov. Papua","9.45","50.3","35.12","36.62","0","42.72","42.82","100","89.92","0","63.35"
"466","253600","Kab. Intan Jaya","Prov. Papua","5.74","66.18","46.78","57.45","0","0","43.83","86.61","82.82","0","0"
"467","256000","Kota Jayapura","Prov. Papua","8.97","47.68","50.96","39.89","0","41.67","100","100","100","0","100"
"468","260000","Prov. Bengkulu","Prov. Bengkulu","12.39","47.39","50.86","45.59","0","42.66","92.23","100","100","0","100"
"469","260100","Kab. Bengkulu Utara","Prov. Bengkulu","7.75","47.33","49.29","44.17","0","42.8","100","100","100","0","100"
"470","260200","Kab. Rejang Lebong","Prov. Bengkulu","12.51","47.88","52.78","47.98","0","42.95","90.47","100","100","0","100"
"471","260300","Kab. Bengkulu Selatan","Prov. Bengkulu","12.72","45.84","49.86","44.88","0","40.71","91.3","100","100","0","100"
"472","260400","Kab. Mukomuko","Prov. Bengkulu","10.40","46.76","47.83","42.98","0","42.78","89.3","100","100","0","100"
"473","260500","Kab. Kepahiang","Prov. Bengkulu","11.15","45.09","48.62","44.14","0","41.12","91.28","100","100","0","100"
"474","260600","Kab. Lebong","Prov. Bengkulu","8.44","45.81","52","43.58","0","40","100","100","100","0","100"
"475","260700","Kab. Kaur","Prov. Bengkulu","7.71","43.54","47.23","41.06","0","38.32","90.72","100","100","0","100"
"476","260800","Kab. Seluma","Prov. Bengkulu","10.72","44.14","44.1","39.5","0","42.78","88.15","100","100","0","100"
"477","260900","Kab. Bengkulu Tengah","Prov. Bengkulu","11.16","47.08","45.42","42.65","0","39.94","83.08","100","100","0","100"
"478","266000","Kota Bengkulu","Prov. Bengkulu","10.55","52.42","56.68","51.74","0","44.81","93.7","100","100","0","100"
"479","270000","Prov. Maluku Utara","Prov. Maluku Utara","15.83","52.57","43.04","38.09","0","40.92","58.67","98.53","98.21","0","89.91"
"480","270100","Kab. Pulau Taliabu","Prov. Maluku Utara","8.19","52.57","45.11","45.76","0","57.29","50.96","78.45","78.93","0","59.05"
"481","270200","Kab. Halmahera Tengah","Prov. Maluku Utara","5.09","55.29","41.67","37.58","0","42.89","53.99","100","100","0","89.67"
"482","270300","Kab. Halmahera Barat","Prov. Maluku Utara","1.63","53.61","42.8","40.79","0","44.18","63.43","100","100","0","100"
"483","270400","Kab. halmahera Utara","Prov. Maluku Utara","0.00","47.04","40.4","35.48","0","37.26","75.31","100","100","0","100"
"484","270500","Kab. Halmahera Selatan","Prov. Maluku Utara","14.04","52.93","38.63","35","0","45.1","50.99","100","100","0","59.43"
"485","270600","Kab. Halmahera Timur","Prov. Maluku Utara","4.01","54.45","40.72","36.18","0","41.92","56.09","100","100","0","100"
"486","270700","Kab. Kepulauan Sula","Prov. Maluku Utara","8.70","63.05","42.35","36.57","0","35.07","35.5","100","100","0","97.71"
"487","270800","Kab. Kepulauan Morotai","Prov. Maluku Utara","10.07","55.19","39","36.39","0","40.53","61.09","100","100","0","100"
"488","276000","Kota Ternate","Prov. Maluku Utara","14.25","47.75","46","38.75","0","40.59","97.43","100","100","0","100"
"489","276100","Kota Tidore Kepulauan","Prov. Maluku Utara","11.31","54.08","49.73","41.57","0","41.4","60.84","100","100","0","100"
"490","280000","Prov. Banten","Prov. Banten","17.34","50.08","54.55","48.19","0","44.06","95.47","100","100","0","100"
"491","280100","Kab. Pandeglang","Prov. Banten","24.29","43.79","47.28","41.61","0","39.96","90.9","100","100","0","100"
"492","280200","Kab. Lebak","Prov. Banten","21.23","43.63","45.93","42.17","0","40.45","98.26","100","100","0","100"
"493","280300","Kab. Tangerang","Prov. Banten","13.29","48.61","53.41","46.84","0","42.96","90.68","100","100","0","100"
"494","280400","Kab. Serang","Prov. Banten","19.34","43.77","46.25","41.56","0","38.67","95.85","100","100","0","100"
"495","286000","Kota Cilegon","Prov. Banten","14.89","56.5","56.12","49.17","0","45.62","100","100","100","0","100"
"496","286100","Kota Tangerang","Prov. Banten","24.70","56.39","59.7","54.37","0","48.42","100","100","100","0","100"
"497","286200","Kota Serang","Prov. Banten","18.65","48.27","52.92","46.05","0","43.48","94.74","100","100","0","100"
"498","286300","Kota Tangerang Selatan","Prov. Banten","12.25","61.3","67.1","59.75","0","48.13","100","100","100","0","100"
"499","290000","Prov. Bangka Belitung","Prov. Bangka Belitung","14.92","52.75","55.4","50.36","0","50","100","100","100","0","100"
"500","290100","Kab. Bangka","Prov. Bangka Belitung","8.28","52.17","54.45","50.95","0","50.58","100","100","100","0","100"
"501","290200","Kab. Belitung","Prov. Bangka Belitung","11.72","53.98","57.05","52.27","0","49.44","100","100","100","0","100"
"502","290300","Kab. Bangka Tengah","Prov. Bangka Belitung","15.61","50.62","52.76","49.24","0","49.99","100","100","100","0","100"
"503","290400","Kab. Bangka Barat","Prov. Bangka Belitung","17.54","51.08","52.22","47.31","0","46.39","100","100","100","0","100"
"504","290500","Kab. Bangka Selatan","Prov. Bangka Belitung","13.69","47.38","48.66","45.49","0","44.95","100","100","100","0","100"
"505","290600","Kab. Belitung Timur","Prov. Bangka Belitung","19.94","54.61","58.74","49.46","0","47.69","100","100","100","0","100"
"506","296000","Kota Pangkalpinang","Prov. Bangka Belitung","8.72","59.02","63.98","56.31","0","54.24","100","100","100","0","100"
"507","300000","Prov. Gorontalo","Prov. Gorontalo","17.17","46.18","46.57","41.11","0","41.52","100","100","100","0","100"
"508","300100","Kab. Boalemo","Prov. Gorontalo","7.66","47.09","43.99","40.83","0","39.29","100","100","100","0","100"
"509","300200","Kab. Gorontalo","Prov. Gorontalo","14.26","45.15","45.63","40.66","0","41.93","100","100","100","0","100"
"510","300300","Kab. Pohuwato","Prov. Gorontalo","9.93","46.36","42.82","38.27","0","41.38","100","100","100","0","100"
"511","300400","Kab. Bone Bolango","Prov. Gorontalo","9.68","46.5","48.14","41.42","0","39.85","100","100","100","0","100"
"512","300500","Kab. Gorontalo Utara","Prov. Gorontalo","12.27","47.33","42.48","40.83","0","43.99","100","100","100","0","100"
"513","306000","Kota Gorontalo","Prov. Gorontalo","12.58","46.29","52.51","44.46","0","42.46","100","100","100","0","100"
"514","310000","Prov. Kepulauan Riau","Prov. Kepulauan Riau","25.70","56.01","57.49","50.33","0","51.74","90.77","97.78","97.67","0","98.16"
"515","310100","Kab. Bintan","Prov. Kepulauan Riau","14.80","52.87","53.61","46.56","0","48.79","93.07","95.83","95.84","0","100"
"516","310200","Kab. Karimun","Prov. Kepulauan Riau","11.77","50.86","51.8","48.31","0","45.83","87.77","98.03","98.22","0","100"
"517","310300","Kab. Natuna","Prov. Kepulauan Riau","11.71","47.44","44.5","39.38","0","41.14","86.21","95.88","95.95","0","100"
"518","310400","Kab. Lingga","Prov. Kepulauan Riau","15.31","47.85","50.05","44.86","0","46.18","84.35","97.38","98.01","0","97.43"
"519","310500","Kab. Kepulauan Anambas","Prov. Kepulauan Riau","6.01","46.62","43.67","40.51","0","39.07","85.68","96.39","96.12","0","91.97"
"520","316000","Kota Batam","Prov. Kepulauan Riau","15.80","58.95","61.98","53.95","0","53.36","93.18","98.48","97.93","0","97.54"
"521","316100","Kota Tanjungpinang","Prov. Kepulauan Riau","14.87","57.89","63.81","52.69","0","54.06","97.23","100","100","0","100"
"522","320000","Prov. Papua Barat","Prov. Papua Barat","4.84","52.41","48.14","41.86","0","44.53","74.03","91.13","87.83","0","87.18"
"523","320100","Kab. Fakfak","Prov. Papua Barat","6.72","48.91","50.54","40.42","0","39.25","83.34","96.67","96.28","0","85.63"
"524","320200","Kab. Kaimana","Prov. Papua Barat","10.77","43.71","45.08","37.73","0","37.96","89.76","100","100","0","100"
"525","320300","Kab. Teluk Wondama","Prov. Papua Barat","8.10","55.65","40.02","36.76","0","48.91","74.28","92.2","94.18","0","51.63"
"526","320400","Kab. Teluk Bintuni","Prov. Papua Barat","8.46","51.34","49.93","46.19","0","40.62","77.95","92.14","90.08","0","100"
"527","320500","Kab. Manokwari","Prov. Papua Barat","10.32","52.11","45.69","38.68","0","42.29","84.48","96.02","96.28","0","83.92"
"528","320600","Kab. Sorong Selatan","Prov. Papua Barat","8.48","65.58","45.75","41.79","0","46.29","50.99","87.54","81.59","0","61.4"
"529","320700","Kab. Sorong","Prov. Papua Barat","6.93","49.11","52.49","42.89","0","42.53","83.51","87.67","90.52","0","100"
"530","320800","Kab. Raja Ampat","Prov. Papua Barat","13.01","58.58","48.59","52.54","0","44.44","58.18","79.18","70.46","0","82.36"
"531","320900","Kab. Tambrauw","Prov. Papua Barat","7.59","50.29","43.02","45.23","0","49.78","76.9","87","79.81","0","57.02"
"532","321000","Kab. Maybrat","Prov. Papua Barat","8.02","62.18","42.25","42.26","0","42.81","46.48","83.93","77.96","0","83.76"
"533","321100","Kab. Pegunungan Arfak","Prov. Papua Barat","4.70","58.03","58.34","55.44","0","48.71","35.4","79.27","64.87","0","42.78"
"534","321200","Kab. Manokwari Selatan","Prov. Papua Barat","6.78","50.31","40.76","33.7","0","33.53","80.29","96.57","97.85","0","100"
"535","326000","Kota Sorong","Prov. Papua Barat","13.45","50.78","49.82","39.17","0","47.8","90.52","96.05","95.39","0","100"
"536","330000","Prov. Sulawesi Barat","Prov. Sulawesi Barat","15.38","45.48","44.51","40.52","0","39.07","87.03","100","100","0","100"
"537","330100","Kab. Mamuju","Prov. Sulawesi Barat","5.09","42.6","44.47","39.84","0","38.66","88.84","100","100","0","100"
"538","330200","Kab. Pasangkayu","Prov. Sulawesi Barat","4.54","44.57","42.1","39.62","0","40.93","100","100","100","0","100"
"539","330300","Kab. Polewali Mandar","Prov. Sulawesi Barat","13.43","43.16","45.53","41.3","0","38.65","92.49","100","100","0","100"
"540","330400","Kab. Mamasa","Prov. Sulawesi Barat","2.38","56.49","44.93","41.6","0","40.08","67.27","100","100","0","100"
"541","330500","Kab. Majene","Prov. Sulawesi Barat","15.47","43.34","46.18","40.42","0","39.15","93.05","100","100","0","100"
"542","330600","Kab. Mamuju Tengah","Prov. Sulawesi Barat","9.20","42.88","43.3","39.98","0","37.43","100","100","100","0","100"
"543","340000","Prov. Kalimantan Utara","Prov. Kalimantan Utara","6.21","50.22","50.67","45.67","0","45.4","90.71","100","100","0","100"
"544","340100","Kab. Malinau","Prov. Kalimantan Utara","11.92","49.51","46.42","42.44","0","38.85","82.58","100","100","0","100"
"545","340200","Kab. Bulungan","Prov. Kalimantan Utara","12.84","48.58","50.91","46.21","0","45.13","90.49","100","100","0","100"
"546","340300","Kab. Tana Tidung","Prov. Kalimantan Utara","12.84","47.11","49.01","45.17","0","0","100","100","100","0","0"
"547","340500","Kab. Nunukan","Prov. Kalimantan Utara","11.87","47.99","48.4","43.39","0","45.42","90.09","100","100","0","100"
"548","346000","Kota Tarakan","Prov. Kalimantan Utara","13.26","53.89","55.43","50.36","0","46.95","100","100","100","0","100"
"549","350000","Indonesia","","","52.82","53","47.42","0","46.72","0","0","0","0","0"